version	nome	arquivo	md5	bytes	data_utc	tipo	revertida_por	nota
20260911204433	crons_sob_carga_portao_jsonb	20260911204433__crons_sob_carga_portao_jsonb.sql	a27decb4bce9efff4b46210dcf0805da	1080	2026-09-11 20:44:33	ESTRUTURAL	-	portao sistema_sob_carga comparava jsonb com boolean: 3 jobs nunca executaram
20260911205217	backup_fn_casos_reabrir_com_divida_antes_conserto3	20260911205217__backup_fn_casos_reabrir_com_divida_antes_conserto3.sql	e286c4414a1a668a8e2873972673bbfc	403	2026-09-11 20:52:17	ESTRUTURAL	-	cria _backup_fn_casos_reabrir_com_divida_20260912; 223837 depende dela
20260911205305	caso_faltando_para_aluno_com_divida	20260911205305__caso_faltando_para_aluno_com_divida.sql	43165eb0e7a754039364f8286db20d86	9154	2026-09-11 20:53:05	ESTRUTURAL_REVERTIDA	20260911223837	CONSERTO 3; ver 20260911205305__INCIDENTE-513-FICHAS.md; NUNCA na trilha executavel
20260911223837	fase1_pausa_escritas_automaticas_aguardando_aprovacao	20260911223837__fase1_pausa_escritas_automaticas_aguardando_aprovacao.sql	d1a9a65fb34beb1d2981bedf701f894f	1076	2026-09-11 22:38:37	ESTRUTURAL	-	restaura casos_reabrir_com_divida do backup e desarma os 2 jobs financeiros; reverteu 20260911205305
20260911223954	fase1_executa_vigia_invariantes_manual	-	a2d7003d72c2f14181dc44b0a9cb18bf	190	2026-09-11 22:39:54	EXECUCAO_PONTUAL	-	rodada manual do vigia; sem arquivo de proposito
20260911230958	vigia_cinco_invariantes_cegos	20260911230958__vigia_cinco_invariantes_cegos.sql	9d7818da64dd04bc7b140f67b61b9e08	14217	2026-09-11 23:09:58	ESTRUTURAL	-	ver 20260911230958__NOTA.md
20260911231006	fase1_executa_vigia_apos_cinco_invariantes	-	20886033d77cefa2951801dcf96cc323	34	2026-09-11 23:10:06	EXECUCAO_PONTUAL	-	rodada do vigia apos os 5 invariantes
20260911231124	fluxo_acordos_ensaio_sem_escrita	20260911231124__fluxo_acordos_ensaio_sem_escrita.sql	2f89c8d0f8fab78b8cdde8c51b355b48	9248	2026-09-11 23:11:24	ESTRUTURAL	-	modo ensaio do fluxo de acordos
20260911231154	fase1_captura_resultado_do_ensaio	-	5a26256ea290048ef4c59ffc792f89c2	566	2026-09-11 23:11:54	EXECUCAO_PONTUAL	-	captura do resultado do ensaio
20260911231238	fase1_prova_dryrun_isolada_em_subtransacao	-	7417cf5fe1cca8cbb3c3526499396414	1568	2026-09-11 23:12:38	EXECUCAO_PONTUAL	-	prova de que o dry-run nao escreve, em subtransacao read only
20260911231349	pagamento_suspeita_duplicidade_estrutura	20260911231349__pagamento_suspeita_duplicidade_estrutura.sql	212cd64987ad37c2e97823c098de55ae	7164	2026-09-11 23:13:49	ESTRUTURAL	-	estrutura de suspeita de duplicidade; consolidada depois em 20260912121605
20260911231510	bordero_fila_caso_faltando_opcao_b	20260911231510__bordero_fila_caso_faltando_opcao_b.sql	4f433527fac1ab23c63ddccde162c564	10500	2026-09-11 23:15:10	ESTRUTURAL	-	opcao B do bordero, criada com enabled=false por decisao da gestao
20260911233508	excecao_conciliacao_nao_acionar_3_casos	20260911233508__excecao_conciliacao_nao_acionar_3_casos.sql	574b2784663d035adfef25e4ddb3273b	9119	2026-09-11 23:35:08	CORRECAO_DADO	-	nao_acionar=true nos casos 17138/17148/17155; backup _backup_excecao_conciliacao_20260912; rollback preparado em aguardando_aprovacao
20260912000238	fase2a_fluxo_acordos_assinatura_unica_e_permissao	20260912000238__fase2a_fluxo_acordos_assinatura_unica_e_permissao.sql	e1d4f0897a5b2cc1edc4e01c21bd054b	10246	2026-09-12 00:02:38	ESTRUTURAL	-	remove a 2a assinatura de fluxo_acordos_rodar, recupera statement_timeout 300s e revoga EXECUTE de anon/authenticated
20260912000256	fase2a_prova_dryrun_na_assinatura_do_cron	-	f325b583f146fb94cbeb02bcc00ef0ff	2315	2026-09-12 00:02:56	EXECUCAO_PONTUAL	-	prova do dry-run na assinatura que o cron resolve
20260912000556	fase2a_sonda_prime_amostra_validacao	-	54fa15e9fe2e572337d903c692fad19a	1782	2026-09-12 00:05:56	SONDA	-	chamada HTTP a API do Prime; nao e schema
20260912000856	fase2a_sonda_prime_com_jwt	-	297f67fab4ce88f9161177fd0f37caa6	1839	2026-09-12 00:08:56	SONDA	-	prime-sonda exige Authorization Bearer; unica Edge Function do Prime com verify_jwt
20260912120756	fase2b_amostra_portador_60_matriculas	-	b19a1d7571cdf63f26303639b044a53a	2447	2026-09-12 12:07:56	SONDA	-	amostra de 60 matriculas para conferir portador no espelho vs API
20260912121224	fase2b_vinculo_pagamento_por_identificador_financeiro	20260912121224__fase2b_vinculo_pagamento_por_identificador_financeiro.sql	d26718aae67461864a9730964abdd128	8414	2026-09-12 12:12:24	ESTRUTURAL	-	nome deixa de preencher pagamentos.aluno_id; CPF -> boleto -> prefixo unico -> numero_ulbra unico -> fila
20260912121605	fase2b_consolida_duplicidade_e_origem_baixa	20260912121605__fase2b_consolida_duplicidade_e_origem_baixa.sql	c5229f85dffa78161ddb2f085486c1db	7862	2026-09-12 12:16:05	ESTRUTURAL	-	consolida em suspeitas_pagamento_duplicado e cria parcelas.origem_baixa
20260912121649	fase2b_origem_baixa_no_gatilho_e_invariante_novo	20260912121649__fase2b_origem_baixa_no_gatilho_e_invariante_novo.sql	81ea6a66bc5c719e0c27b69f83555be2	6877	2026-09-12 12:16:49	ESTRUTURAL	-	gatilho grava origem_baixa; troca baixa_manual_na_parcela_errada por baixa_sem_evidencia_de_quem_baixou
20260912121656	fase2b_roda_vigia_com_invariante_novo	-	20886033d77cefa2951801dcf96cc323	34	2026-09-12 12:16:56	EXECUCAO_PONTUAL	-	rodada do vigia com o invariante novo
20260912130752	protecao_desliga_vinculo_por_negociacao_e_fecha_fluxo_pagamentos_rodar	20260912130752__protecao_desliga_vinculo_por_negociacao_e_fecha_fluxo_pagamentos_rodar.sql	d1366c34b0814af0253198ac86366a0e	5748	2026-09-12 13:07:52	ESTRUTURAL	-	desliga etapa vinculo_por_negociacao e revoga EXECUTE de fluxo_pagamentos_rodar
20260912131004	fila_sem_vinculo_rpc_gestao_com_motivo_financeiro	20260912131004__fila_sem_vinculo_rpc_gestao_com_motivo_financeiro.sql	228879b981fe6d8086abcd7c6190ef80	5004	2026-09-12 13:10:04	ESTRUTURAL	-	corrige erro meu da 130752: portao interno usuario_e_gestao em vez de revoke de authenticated
20260912131102	origem_vinculo_prospectivo_em_pagamentos	20260912131102__origem_vinculo_prospectivo_em_pagamentos.sql	14fb0be2d41ac07cc43a825c31d4bae2	9528	2026-09-12 13:11:02	ESTRUTURAL	-	pagamentos.origem_vinculo prospectivo; 0 linhas historicas preenchidas
20260912132259	contador_da_fila_de_pagamento_sem_vinculo_no_cabecalho	20260912132259__contador_da_fila_de_pagamento_sem_vinculo_no_cabecalho.sql	09a49aceee50910d59c6ca915c5232d8	3629	2026-09-12 13:22:59	ESTRUTURAL	-	badge da fila; pagamentos_sem_vinculo_contar com portao proprio
20260912134610	fecha_acordo_reconstruir_cron_orfa_e_sem_portao	20260912134610__fecha_acordo_reconstruir_cron_orfa_e_sem_portao.sql	43904c27f1fe3a686a2a057c22b19f6f	3792	2026-09-12 13:46:10	ESTRUTURAL	-	involucro security definer sem portao, orfao, chamavel por authenticated
20260913013957	acordo_dono_e_o_responsavel_do_acordo	20260913013957__acordo_dono_e_o_responsavel_do_acordo.sql	a313d2f58e0889fddbc4d8e546c06c8d	19005	2026-09-13 01:39:57	ESTRUTURAL	-	dono do acordo passa a ser acordos.operador_responsavel_email nas 3 RPCs; par executavel 20260912203000 com mesmo md5 e version diferente; ver 20260913013957__NOTA.md
20260913202708	importar_acordos_inicializa_saldo_corrigido	20260913202708__importar_acordos_inicializa_saldo_corrigido.sql	aac72edec76fb6ecd626dbb1016e3f90	10450	2026-09-13 20:27:08	ESTRUTURAL	-	titulo de acordo nasce com saldo_corrigido; prospectiva, sem backfill; par executavel 20260913201000 difere em 1 byte (o ; final); ver 20260913202708__NOTA.md
20260913235425	titulo_reavaliar_sem_execucao_externa	20260913235425__titulo_reavaliar_sem_execucao_externa.sql	ffca7ad5396fc65c93258b1f2f63070b	3568	2026-09-13 23:54:25	ESTRUTURAL	-	revoke de EXECUTE para PUBLIC e authenticated; anon cai junto com PUBLIC; postgres e service_role mantidos; corpo, owner e SECURITY DEFINER inalterados; par executavel 20260913233000 com mesmo md5 e version diferente; ver 20260913235425__NOTA.md
20260914081816	titulo_reavaliar_cancelada_e_estado_terminal	20260914081816__titulo_reavaliar_cancelada_e_estado_terminal.sql	41f694f5d8057c1624749b0d87c2d8cf	6791	2026-09-14 08:18:16	ESTRUTURAL	-	CANCELADA/cancelada vira parada antecipada em titulo_reavaliar, junto de PAGO/quitada; so a guarda mudou (corpo sem o bloco volta a 17abaf4f); ACL fechada preservada; par executavel 20260913230000 com mesmo md5 e version diferente; ver 20260914081816__NOTA.md
20260914090235	ajuste_de_valor_cobravel	20260914090235__ajuste_de_valor_cobravel.sql	42b5754d2ca69024e36fd273b8abb7ec	34348	2026-09-14 09:02:35	ESTRUTURAL	-	valor cobravel ajustado por titulo: 4 colunas, portao Amanda+Fernanda, historico, guarda de tabela, RPC unica e 3 leitores com uma troca cirurgica cada; sem backfill e sem titulo alterado; par executavel 20260914100000 com mesmo md5 e version diferente; ver 20260914090235__NOTA.md
20260914125940	conciliacao_do_pagamento	20260914125940__conciliacao_do_pagamento.sql	f7ccb5a84297b6c003e546d6dedcb40e	22675	2026-09-14 12:59:40	ESTRUTURAL	-	fim dos return new mudos na conciliacao: 3 colunas de estado em pagamentos, os 2 gatilhos AFTER INSERT viram 1 (trg_pagamento_conciliar), fila passa a enfileirar por "nao baixou" e nao por "sem aluno"; escada da baixa copiada literal da vigente 20260912121649, inclusive os 3 carimbos origem_baixa; funcoes antigas mantidas para rollback; par executavel 20260914140000 com mesmo md5 e version diferente; ver 20260914125940__NOTA.md
20260916112756	pausa_baixa_pelo_relatorio_para_backfill_392	20260916112756__pausa_baixa_pelo_relatorio_para_backfill_392.sql	4476d11cfefc666c5797e1045b3aa1ae	4418	2026-09-16 11:27:56	CORRECAO_DADO	-	pausa operacional temporaria de configuracao: fluxo_pagamentos_config.baixa_pelo_relatorio ligado=false (alterado_por protecao_20260916_gestao) para impedir o reprocessamento automatico dos 69 pagamentos AGUARDANDO_AMARRACAO apos o backfill 20260916112956; unica linha alterada, demais etapas conferidas no proprio bloco; estado anterior preservado na observacao; sem par executavel de proposito; ver 20260916112756__NOTA.md
20260916112956	backfill_boleto_parcela_por_procedencia	20260916112956__backfill_boleto_parcela_por_procedencia.sql	1c6ea185aeb68e72cb48aaddfffaa91f	20440	2026-09-16 11:29:56	CORRECAO_DADO	-	backfill de parcelas.boleto em 748 parcelas (301 acordos, 256 alunos) pela procedencia N/N+1 da trilha de completar_parcelas_acordo; sha256 canonico 53d4b1a0169952ca51c979e10f36fa66a31bd33ac1bce7ad5c97ff68dd08cc73; 748/748 restauradas, 0 duplicidade; trg_recalc_parcela suprimido so durante o UPDATE e religado na mesma transacao; par executável supabase/migrations/20260916120000_backfill_boleto_parcela_por_procedencia.sql com mesmo md5 e version diferente; ver 20260916112956__NOTA.md
20260916134959	reprocessa_69_pagamentos_do_backfill_392	20260916134959__reprocessa_69_pagamentos_do_backfill_392.sql	9551b2a77c171390a41a16e607b71aad	31267	2026-09-16 13:49:59	CORRECAO_DADO	-	reprocessamento controlado dos 69 pagamentos AGUARDANDO_AMARRACAO ligados as 748 parcelas do backfill 20260916112956: pagamento_conciliar_um(id,false) e (id,true) para cada um, sem DML propria; medido depois: 69 BAIXADO (sha256 do conjunto bddd4d68... = aprovado), R$ 40.831,07, 69 parcelas PAGO, 23 acordos (21 QUITADO), fila dos 69 RESOLVIDO_AUTOMATICO, 95 sem status intocados, baixa_pelo_relatorio permaneceu pausada; par executavel supabase/migrations/20260916150000_reprocessa_69_pagamentos_do_backfill_392.sql (PR #394) com md5 bruto DIFERENTE (fe95cdb5bcda4bf0f1d784ef847132fb): a unica diferenca e o newline final, sem ele o md5 e 9551b2a77c171390a41a16e607b71aad = producao; version diferente; ver 20260916134959__NOTA.md
20260916142644	retoma_baixa_pelo_relatorio_apos_reprocessamento_69	20260916142644__retoma_baixa_pelo_relatorio_apos_reprocessamento_69.sql	7da9b4fe5b85263348802b013eb888e1	7348	2026-09-16 14:26:44	CORRECAO_DADO	-	retomada de fluxo_pagamentos_config.baixa_pelo_relatorio (ligado=true, alterado_por retomada_20260916_gestao) encerrando a pausa 20260916112756; observacao anterior restaurada byte a byte; auditoria RELIGOU_ETAPA_FLUXO; travas: etapa como a pausa deixou, 0 AGUARDANDO_AMARRACAO, fila 38+6 com sha256 dos 44, motor e gatilhos aprovados, sem rodada em andamento; unica linha alterada; primeira rodada natural 14:40: 44 avaliados, 0 baixados, sem erro; sem par executavel de proposito; ver 20260916142644__NOTA.md
20260916204941	acoes_massivas_filtro_operador	20260916204941__acoes_massivas_filtro_operador.sql	afc4c1e2fb1b918776eec0bfd21608c7	11650	2026-09-16 20:49:41	ESTRUTURAL	-	filtro "Operador responsavel" nas Acoes Massivas: cirurgia na definicao viva de acoes_massivas_previa (p_operador_email; valor do caso do proprio operador), registrar_acao_massiva (mesmo recorte na revalidacao) e acoes_massivas_filtros (lista de operadores ativos so para a gestao); preflight: md5 das 3 funcoes igual as fixtures dos testes (98749f29/cc0a86d7/59c085b8); depois: 1 sobrecarga cada, sem anon/PUBLIC, comentario do registro preservado; par executavel supabase/migrations/20260916200000_acoes_massivas_filtro_operador.sql com mesmo md5 (sem o newline final) e version diferente, preservada de proposito (apply_migration gera a version pelo relogio); ver 20260916204941__NOTA.md
20260916205043	acoes_massivas_exportar_sem_registrar	20260916205043__acoes_massivas_exportar_sem_registrar.sql	5f2e2d58113ba91ff92d971b492152c2	14518	2026-09-16 20:50:43	ESTRUTURAL	-	exportar planilha nao e contato: tabela acoes_massivas_lotes (RLS, so postgres/service_role) e funcoes acoes_massivas_exportar (sem escrita operacional, so o lote), acoes_massivas_concluir_lote (CONFIRMAR registra pelo registrar_acao_massiva; DESCARTAR nao escreve) e acoes_massivas_lotes_pendentes; depois: 0 lotes, funcoes sem anon/PUBLIC; par executavel supabase/migrations/20260916210000_acoes_massivas_exportar_sem_registrar.sql com mesmo md5 (sem o newline final) e version diferente, preservada de proposito (apply_migration gera a version pelo relogio); ver 20260916205043__NOTA.md
20260916205201	acoes_massivas_filtro_tipo_cobranca	20260916205201__acoes_massivas_filtro_tipo_cobranca.sql	1fccd745b286450ba6e4ffa1cd297809	19565	2026-09-16 20:52:01	ESTRUTURAL	-	filtro "Tipo de cobranca": acoes_massivas_tipo_cobranca_alunos e _corresponde (so service_role), coluna acoes_massivas_lotes.tipo_cobranca (default REGRA_ANTERIOR, check), cirurgia em previa (p_tipo_cobranca, contagem_tipo), exportar, concluir_lote e lotes_pendentes; opcoes MENSALIDADES (sem acordo vencido), ACORDOS_VENCIDOS, MENSALIDADES_E_ACORDOS (uniao); acordo em dia fora de todas; sem tipo = regra anterior; depois: 1 sobrecarga cada, sem anon/PUBLIC; par executavel supabase/migrations/20260916220000_acoes_massivas_filtro_tipo_cobranca.sql com mesmo md5 (sem o newline final) e version diferente, preservada de proposito (apply_migration gera a version pelo relogio); ver 20260916205201__NOTA.md
20260917003123	recuperacao_acordo_pago_sem_importacao	20260917003123__recuperacao_acordo_pago_sem_importacao.sql	655f169b6a1e4178ecca1353ab9c367a	43346	2026-09-17 00:31:23	ESTRUTURAL	-	recuperacao de acordo a vista pago antes da importacao (PR #399): cria acordo_avista_previa (SQL STABLE, sem EXECUTE para authenticated), acordo_avista_registrar (portao da gestao, simula por padrao, grava so aprovado sob cadeado, baixa pelo motor atual, auditoria RECUPERACAO_ACORDO_PAGO_SEM_IMPORTACAO) e pagamentos_trava; nenhuma escrita de dado; preflight: 13 dependencias com md5 igual as fixtures; depois: 1 sobrecarga cada, sem anon/PUBLIC, intocaveis/gatilhos(56)/cron(29)/fluxo_config iguais, 0 acordos registrados; par executavel supabase/migrations/20260916230000_recuperacao_acordo_pago_sem_importacao.sql com mesmo md5 (sem o newline final) e version diferente, preservada de proposito (apply_migration gera a version pelo relogio); ver 20260917003123__NOTA.md
20260917100621	pagamentos_trava_usa_resultado_da_previa	20260917100621__pagamentos_trava_usa_resultado_da_previa.sql	c6aff4a41945bf215b4b2392d32ed979	7736	2026-09-17 10:06:21	ESTRUTURAL	-	pagamentos_trava passa a usar aprovado e bloqueios da previa que ja executava (PR #401): ACORDO_AVISTA_AUSENTE so quando a previa aprova; recusada, trava = motivo da propria previa (ALUNO_ENCERRADO, OPERADOR_NAO_CADASTRADO, OUTRO_BLOQUEIO, SEM_MENSALIDADE_ELEGIVEL, FORA_DA_MARGEM, SEM_COMBINACAO_SEGURA); sem simulacao nova, sem busca de combinacao, sem DML; preflight: prosrc 482299bf, 1 sobrecarga, ACL authenticated/service_role, sem anon/PUBLIC; depois: prosrc 33e19e85, ACL identica, intocaveis/gatilhos(56)/cron(29)/fluxo_config iguais; auditoria 12 registraveis e 15 sem acao; 0 acordos registrados; par executavel supabase/migrations/20260917100000_pagamentos_trava_usa_resultado_da_previa.sql com mesmo md5 (sem o newline final) e version diferente, preservada de proposito (apply_migration gera a version pelo relogio); ver 20260917100621__NOTA.md
20260917160417	parcela_paga_antes_da_extracao	20260917160417__parcela_paga_antes_da_extracao.sql	696880ed0df988141ebc2797ff1a6261	59025	2026-09-17 16:04:17	ESTRUTURAL	-	reconstrucao da parcela paga antes da extracao quando o acordo ja existe (PR #403): cria parcela_paga_antes_previa (SQL STABLE, 14 evidencias, diagnostico), _reconstruir (so a parcela ausente com o boleto do pagamento, qtd e total do acordo na mesma transacao, baixa pelo motor atual), _reconstruir_pendentes (motivo PARCELA_PAGA_ANTES_* em fila_pagamento_sem_vinculo.motivo) e _apos_importar_acordos; acrescimos em _pagamentos_baixar_lote, fluxo_pagamentos_rodar, completar_parcelas_acordo (boleto confiavel so com prefixo = numero do acordo) e importar_acordos; etapa reconstruir_parcela_paga_antes DESLIGADA; nenhuma escrita de dado; preflight: 13 dependencias com md5 da base; depois: funcoes novas sem anon/authenticated, ACL das trocadas identica, motor/a vista/gatilhos(120)/cron(29)/demais etapas e hashes de dados iguais; auditoria com a etapa desligada: 57 pendentes, 2 aprovados (72113, 72153), 55 fora do alcance; par executavel supabase/migrations/20260917200000_parcela_paga_antes_da_extracao.sql com mesmo md5 (sem o newline final) e version diferente, preservada de proposito (apply_migration gera a version pelo relogio); ver 20260917160417__NOTA.md
20260917161116	ativa_reconstrucao_parcela_paga_antes	20260917161116__ativa_reconstrucao_parcela_paga_antes.sql	eb4638414cc2e22ecc3751befc4751de	7928	2026-09-17 16:11:16	CORRECAO_DADO	-	ativacao de fluxo_pagamentos_config.reconstruir_parcela_paga_antes (ligado=true, alterado_por ativacao_20260917_gestao) e reconstrucao na hora; auditoria LIGOU_ETAPA_FLUXO; travas: md5 do motor e das 3 funcoes, etapa como a migration deixou, fila 43+12+2 com sha256 dos 57 auditados, sem rodada em andamento, outras etapas byte a byte iguais; resultado exigido e medido: 72113 e 72153 com parcela 1 criada (boleto do pagamento, confiavel), BAIXADO, fila RESOLVIDO_AUTOMATICO, acordos 5/5356.23 e 7/5482.63; fila restante 43+12; sem par executavel de proposito; ver 20260917161116__NOTA.md
20260917184347	carteira_saldo_historico_por_ano	20260917184347__carteira_saldo_historico_por_ano.sql	135f6d0ba991fd2ad6de67fc7974851c	14627	2026-09-17 18:43:47	ESTRUTURAL	-	funcao nova carteira_saldo_historico_por_ano (PR #406): a aba Efetividade passa a ler 2024 e 2025 por ANO e so 2026 por semestre; base conferida com o Prime a pedido da gestao e corrigida de R$ 17.898.363,47 (28.213 mens/7.861 alunos) para R$ 10.020.167,05 (17.121/4.946), porque o que inflava era negociacao direto com a Ulbra (CPF no portador 166), nao duplicidade nem acordo do CRM (dez provas em zero); so leitura, stable security definer, gate carteira_2026_1_pode_ler, ACL authenticated sem anon/PUBLIC; nao altera carteira_cobertura_historica, que fica como caminho de volta; preflight: funcao inexistente, 3 dependencias com md5, foto 729 funcoes/digital 169f32ca/126 gatilhos/29 cron; depois: 730 funcoes, digital das demais IDENTICA, gatilhos e cron iguais, definicao md5 306d72c1; par executavel supabase/migrations/20260917220000_carteira_saldo_historico_por_ano.sql com mesmo md5 (sem o newline final) e version diferente, preservada de proposito (apply_migration gera a version pelo relogio); ver 20260917184347__NOTA.md
20260918000234	backup_reabertura_acordo_cancelado	20260918000234__backup_reabertura_acordo_cancelado.sql	23382ce29e8347ceb40b20e8478019f8	1212	2026-09-18 00:02:34	CORRECAO_DADO	-	fotografia do estado de 351 casos/347 alunos antes da reabertura (status do caso e do aluno, operador, responsavel); RLS deny-all; ver 20260918000336__NOTA.md
20260918000336	acordo_cancelado_nao_cancela_cobranca	20260918000336__acordo_cancelado_nao_cancela_cobranca.sql	cdbdca1320a5378225519b432802b79b	9730	2026-09-18 00:03:36	ESTRUTURAL	-	CANCELADO em casos.status_acionamento deixa de significar cobranca cancelada (bloq_acion/v_bloq_acion); liberar_caso_por_evento passa a gravar ACORDO_CANCELADO; casos_reabrir_com_divida ganha as travas nao_acionar e cobranca_nao_reabrir (tabela nova, RLS, semeada da lista de 10/09); 232 casos tinham o valor e 0 estavam ativos; 184 alunos/R$ 1.535.123,30 estavam fora da fila; prova para os 33 consumidores do helper: 193 casos mudam true->false, 0 no sentido contrario, 0 com outro valor no acionamento; md5 antes 11a5b7ad(helper)/f3229460(reabridor)/68e42168(evento); par executavel supabase/migrations/20260918000000_acordo_cancelado_nao_cancela_cobranca.sql; ver 20260918000336__NOTA.md; em 18/09 a SEMENTE do par foi corrigida (so entra linha da lista cujo status_acionamento nao e CANCELADO, e so se a lista existir): o efeito liquido em producao de 000336 + 091018 e o do par
20260918000949	reabertura_controlada_acordo_cancelado	20260918000949__reabertura_controlada_acordo_cancelado.sql	79f149311fd48fb769c4f03f284531cf	744	2026-09-18 00:09:49	CORRECAO_DADO	-	reabertura controlada: 155 casos/155 alunos/R$ 1.297.893,38; ativos 13.200->13.355; 0 nao_acionar, 0 JURIDICO/SUSPENSAO, 0 Cobranca Cancelada, 0 duplicidade; responsavel e operador preservados 155/155; 17 sem operador para fila livre; 0 linhas tocadas em acordos/parcelas/acordos_titulos/pagamentos; 0 reposicao disparada; a trava conservadora deixou 5 alunos de fora; RESOLVIDO em 20260918091018 (total do conserto: 160)
20260918091018	fecha_5_lista_diagnostico	20260918091018__fecha_5_lista_diagnostico.sql	570b25671ec24a0950a62cd8b73bd9a0	5311	2026-09-18 09:10:18	CORRECAO_DADO	-	remove de cobranca_nao_reabrir SO as 13 linhas semeadas do diagnostico de 10/09 com status_acionamento=CANCELADO (a lista era diagnostico, nao decisao) e roda a reabertura controlada; uma transacao com conferencias que desfazem tudo se falharem: 13 linhas, todas 'Cancelamento de cobranca', nenhum dos 5 com nao_acionar/JURIDICO/SUSPENSAO/cancelamento humano, exatamente os 5 aluno_id esperados; backups _backup_cobranca_nao_reabrir_13_20260918 e _backup_reabertura_5_lista_20260918 (24 casos/13 alunos, RLS); resultado: 5 alunos/R$ 17.034,48, ativos 13.355->13.360, fica 1 linha (Juridico); total do conserto 160 alunos/R$ 1.314.927,86; 0 linhas em acordos/parcelas/titulos/pagamentos; reposicao pausada; ver 20260918000336__NOTA.md
20260918094733	recuperar_acordo_avista_automatico	20260918094733__recuperar_acordo_avista_automatico.sql	073e9bb20fae830dacb83aa408bd20f7	44249	2026-09-18 09:47:33	ESTRUTURAL	-	recuperacao automatica do acordo a vista pago antes da importacao (PR #410, squash 4286d64): cria acordo_avista_porta_interna (chave transacional reativa.recuperacao_avista E a rotina na pilha de chamada do PL/pgSQL), acordo_avista_recuperar_um e acordo_avista_recuperar_pendentes; porta de maquina ADICIONAL em acordo_avista_registrar, vincular_titulos_acordo e pagamento_vincular_aluno (portao da gestao identico); etapa recuperar_acordo_avista em fluxo_pagamentos_rodar e _pagamentos_baixar_lote, nascendo DESLIGADA; EXECUTE revogado de anon/authenticated nas 3 novas; previa acordo_avista_previa e motor intocados; nenhuma escrita de dado; preflight: as 5 funcoes trocadas com o md5 validado, previa/motor/reconstrucao/encerramento/aluno_saldo_pendente_detalhe intocados, reposicao pausada; depois: 8 corpos iguais ao arquivo, ACL do botao identica, contagens e hashes de dados iguais ao preflight; 44.249 bytes e 44.237 caracteres (acentos); par executavel supabase/migrations/20260917230000_recuperar_acordo_avista_automatico.sql com mesmo md5 (sem o newline final) e version diferente, preservada de proposito (apply_migration gera a version pelo relogio); ver 20260918094733__NOTA.md
20260918095306	recuperacao_avista_primeiro_lote	20260918095306__recuperacao_avista_primeiro_lote.sql	d0bce3a1c5f6d17fd119982cfc23bca2	11278	2026-09-18 09:53:06	CORRECAO_DADO	-	primeiro lote controlado com a etapa DESLIGADA: uma chamada de acordo_avista_recuperar_pendentes(50), tudo ou nada, com invariantes que desfazem o lote se falharem; 38 avaliados, 14 recuperados (acordo QUITADO, parcela PAGO pelo motor atual, pagamento BAIXADO, fila RESOLVIDO_AUTOMATICO, mensalidades PAGO, auditoria RECUPERACAO_ACORDO_PAGO_SEM_IMPORTACAO), 24 recusados com motivo ACORDO_AVISTA_*, 0 erros, 3,3 s; pago R$ 11.556,15; mensalidades quitadas R$ 10.201,21 = queda da carteira; 0 duplicidade, 0 baixa dupla, 0 titulo em dois acordos; PARCELA_JA_PAGA, parcelas, acordos e mensalidades preexistentes e recusados intactos; resultado agregado em fluxo_pagamentos_execucoes (origem rollout_recuperacao_avista_lote_1); e a 3a tentativa: as 2 anteriores abortaram no proprio criterio de conferencia e nao gravaram dado nem versao; sem par executavel de proposito; ver 20260918094733__NOTA.md
20260918095351	recuperacao_avista_segunda_passada	20260918095351__recuperacao_avista_segunda_passada.sql	34599075913f10e572b7a0be058d05c1	2831	2026-09-18 09:53:51	EXECUCAO_PONTUAL	-	segunda passada de idempotencia com a etapa DESLIGADA: 24 avaliados (so os recusados), 0 recuperados, 0 erros, 1,2 s; nenhum dos 14 do lote 1 reavaliado; acordos e fila sem mudanca; unica escrita: a linha rollout_recuperacao_avista_lote_2 em fluxo_pagamentos_execucoes; sem par executavel de proposito; ver 20260918094733__NOTA.md
20260918095432	ativa_recuperar_acordo_avista	20260918095432__ativa_recuperar_acordo_avista.sql	da5ca4cb1e16c6095afbd17c0ad87ff2	2114	2026-09-18 09:54:32	CORRECAO_DADO	-	ativacao de fluxo_pagamentos_config.recuperar_acordo_avista (ligado=true, alterado_por ativacao_20260918_gestao) e auditoria LIGOU_ETAPA_FLUXO; travas: etapa desligada, os 2 lotes de validacao registrados, segunda passada com 0 recuperados e 0 erros, reposicao pausada; sem par executavel de proposito; ver 20260918094733__NOTA.md
20260918095445	fluxo_pagamentos_rodada_pos_ativacao_avista	20260918095445__fluxo_pagamentos_rodada_pos_ativacao_avista.sql	e1fdb19477dc166fefeeebae2099f12b	309	2026-09-18 09:54:45	EXECUCAO_PONTUAL	-	uma rodada de fluxo_pagamentos_rodar('rollout_avista_pos_ativacao') para provar a etapa integrada na rodada periodica: todas as etapas ligadas rodaram; recuperar_acordo_avista com 24 avaliados, 0 recuperados, 0 erros; erro nulo; carteira inalterada; sem par executavel de proposito; ver 20260918094733__NOTA.md
20260918120345	fecha_pagamentos_op1_encerrar_e_decisoes	20260918120345__fecha_pagamentos_op1_encerrar_e_decisoes.sql	0ff67e7fd49028bc76f591d3b7905d63	12807	2026-09-18 12:03:45	CORRECAO_DADO	-	encerra pela gestao (conciliacao_encerrar, sem baixa nova) as PARCELA_JA_PAGA 46921/0004 e 61796/0004: acordo QUITADO, parcela PAGO, pagamentos = parcelas PAGO; registra DECISAO_GESTAO em 38 pendencias humanas (observacao da fila); backup _backup_fecha_pagamentos_20260918 (deny-all); sem efeito financeiro
20260918121346	fecha_pagamentos_op3_57553_boletos	20260918121346__fecha_pagamentos_op3_57553_boletos.sql	ca202f13d5792dc525d209ae24ca7ad7	5037	2026-09-18 12:13:46	CORRECAO_DADO	-	57553: boleto das 4 parcelas estava em rodizio (nao confiavel); corrigido pela sequencia do vencimento (arquivo do 0004 traz 16/09); valor, status e baixas intocados (hash conferido); motor -> PARCELA_JA_PAGA e conciliacao_ja_paga_encerrar gravou RESOLVIDO_AUTOMATICO; sem baixa nova
20260918121835	vinculo_titulo_ignora_historico_inativo	20260918121835__vinculo_titulo_ignora_historico_inativo.sql	efde5886db562e43b5a694060b746154	24413	2026-09-18 12:18:35	ESTRUTURAL	-	PR #413 (bc6a21b); arquivo 20260918120000; corpos vincular d857ce1e, registrar 2613270d; ACL igual; rollback em supabase/rollbacks/20260918120000_...
20260918130920	fecha_pagamentos_op4_62866_desfaz_0005	20260918130920__fecha_pagamentos_op4_62866_desfaz_0005.sql	e2a057404cf2fd0023a3f7aacc397748	9096	2026-09-18 13:09:20	CORRECAO_DADO	-	62866: desfeita SO a baixa da 0005 (R$ 10.047,91, sem pagamento; dinheiro do 0003 contado 2x) via desfazer_baixa_parcela; saldo 20.095,83 -> 30.143,74; pendencia 0004 RESOLVIDO_AUTOMATICO via conciliacao_ja_paga_encerrar; 3 pagamentos = 3 parcelas PAGO; autorizado pela Amanda
20260918131040	fecha_pagamentos_op5_64766_refaz_0002	20260918131040__fecha_pagamentos_op5_64766_refaz_0002.sql	3ba17592fa0068b05f32f2cee89a0c3d	9854	2026-09-18 13:10:40	CORRECAO_DADO	-	64766: baixa da 0002 refeita com o pagamento 0002 de 25/08 (R$ 3.338,68) via baixar_parcela_acordo, apos as 6 condicoes previas; pendencia 0003 RESOLVIDO_AUTOMATICO; 3 pagamentos = 3 parcelas PAGO; saldo 13.025,21 agora coerente; autorizado pela Amanda
20260918142813	fecha_excecoes_op6_72045_cpf_e_recuperacao	20260918142813__fecha_excecoes_op6_72045_cpf_e_recuperacao.sql	e88b8089adb78a6b7f337aafe9c757f8	4784	2026-09-18 14:28:13	CORRECAO_DADO	-	72045: CPF da ficha do Normelio preenchido pela mensalidade 4478507 e pelo Prime (221000402); acordo_avista_recuperar_um registrou o acordo 72045 QUITADO, parcela PAGO, mensalidade PAGO e vinculada; autorizado pela Amanda
20260918142911	fecha_excecoes_op7_72283_mesclar	20260918142911__fecha_excecoes_op7_72283_mesclar.sql	0b30f6d28da8b4b1de2dade1425c119f	3270	2026-09-18 14:29:11	CORRECAO_DADO	-	72283: ficha vazia 1e1b3c9f mesclada em 27e39174 por mesclar_aluno_duplicado (mesmo CPF e nome, sem financeiro/caso/atendimento); duplicada marcada CADASTRO_DUPLICADO; autorizado pela Amanda
20260918143440	fecha_excecoes_op8_62684_entrada	20260918143440__fecha_excecoes_op8_62684_entrada.sql	8a1ba89f09c4f93ec9901bc25e1c48f5	10466	2026-09-18 14:34:40	CORRECAO_DADO	-	62684: pagamento 0001 (R$ 1.430,40, 14/08) era a entrada; baixa manual de 02/09 desfeita nas 0002-0006 (fica DEVOLVIDA com motivo); entrada recriada e baixada (baixar_parcela_acordo); 0002 baixada pelo motor com o pagamento de 18/09; saldo 1.192,00; autorizado pela Amanda
20260918143825	previa_ignora_cadastro_duplicado_mesclado	20260918143825__previa_ignora_cadastro_duplicado_mesclado.sql	2dd6ec84c55ecefa0a4b78581eb1f6e2	24870	2026-09-18 14:38:25	ESTRUTURAL	-	PR #417 (a1bb1f3); arquivo 20260918140000; previa ad10fff9; ACL igual; rollback em supabase/rollbacks/20260918140000_...
20260918143900	fecha_excecoes_op9_72283_recuperacao	20260918143900__fecha_excecoes_op9_72283_recuperacao.sql	95afbe5f45125c0b1930ec869418fdf0	1879	2026-09-18 14:39:00	CORRECAO_DADO	-	72283: acordo_avista_recuperar_um registrou o acordo 72283 QUITADO na ficha 27e39174; 2 mensalidades PAGO e vinculadas
20260918144637	grupo_a_confirmacao_prime	20260918144637__grupo_a_confirmacao_prime.sql	60417f52b77cb7e2740af45c36904628	89781	2026-09-18 14:46:37	ESTRUTURAL	-	PR #415 (3bc472f); arquivo 20260918150000; etapa 1 do grupo A: estado EM_CONFIRMACAO, guarda trg_titulo_em_confirmacao_protegido, travas de quitacao/encerramento/carteira e Conferencia Prime; 23 funcoes com md5 igual ao arquivo; nenhum titulo suspenso; rollback em supabase/rollbacks/20260918150000_...
20260918150224	acordo_origem_externa_sem_credito	20260918150224__acordo_origem_externa_sem_credito.sql	cfc8d2fed090bfe0a4ff47af843a5e92	44305	2026-09-18 15:02:24	ESTRUTURAL	-	PR #419 (643e838); arquivo 20260918160000; previa 580559d1, registrador 5746cfee, heranca 7b72a88e, autorizacao e93bd617; tabela pagamento_origem_externa_autorizada deny-all
20260918150326	fecha_excecoes_op10_71803_origem_externa	20260918150326__fecha_excecoes_op10_71803_origem_externa.sql	e96da468b5df96fa77faf5d41cb52ad5	4017	2026-09-18 15:03:26	CORRECAO_DADO	-	71803: autorizacao da gestao para origem externa OSVALDINA.ALVES e registro pelo registrador oficial; acordo 71803 QUITADO sem credito individual (responsavel nulo), parcela PAGO, mensalidade PAGO e vinculada; responsavel do aluno inalterado (cobranca08); autorizado pela Amanda
20260918150354	fecha_excecoes_op11_decisoes_71903_72245	20260918150354__fecha_excecoes_op11_decisoes_71903_72245.sql	3387fd6b51dedb90498d6184dc7b35e2	1994	2026-09-18 15:03:54	CORRECAO_DADO	-	so texto na fila: 71903 PARADO por falta de prova do Prime; 72245 com a decisao de gestao pendente; sem efeito financeiro
20260918151653	fecha_excecoes_op12a_71988_41175	20260918151653__fecha_excecoes_op12a_71988_41175.sql	8be2f96d9601e738bfd9fb633975485f	9046	2026-09-18 15:16:53	CORRECAO_DADO	-	PAGAMENTO_POSTERIOR_APROPRIADO_EM_ACORDO_ANTIGO: 71988 (R$ 652,54) baixado na parcela vencida do 41175 por baixar_parcela_acordo; 41175 QUITADO; pendencia ENCERRADO_GESTAO; autorizado pela Amanda
20260918151733	fecha_excecoes_op12b_71999_49071	20260918151733__fecha_excecoes_op12b_71999_49071.sql	a2fee894e67dcd37bb57bbd54246958c	9073	2026-09-18 15:17:33	CORRECAO_DADO	-	PAGAMENTO_POSTERIOR_APROPRIADO_EM_ACORDO_ANTIGO: 71999 (R$ 548,04) repartido nas 2 parcelas vencidas do 49071; 49071 QUITADO; pendencia ENCERRADO_GESTAO; autorizado pela Amanda
20260918151803	fecha_excecoes_op12c_67185_54577	20260918151803__fecha_excecoes_op12c_67185_54577.sql	caef28dc6c848197712b094c0db173c2	9379	2026-09-18 15:18:03	CORRECAO_DADO	-	PAGAMENTO_POSTERIOR_APROPRIADO_EM_ACORDO_ANTIGO: 67185/0002 (R$ 604,82, venc 27/08) baixado na 54577/0002 (venc 27/08); 54577 ATIVO saldo 1.767,28; pendencia ENCERRADO_GESTAO; autorizado pela Amanda
20260918151905	fecha_excecoes_op13_motivos_lote2	20260918151905__fecha_excecoes_op13_motivos_lote2.sql	bd685cf54ccbfa6735358888ee3774d2	4050	2026-09-18 15:19:05	CORRECAO_DADO	-	so texto na fila: classificacao A/B/C dos 12 acima da margem, 72049 sem evidencia de desconto, 64847 sem prova do Prime, 63428 dinheiro nao apropriado, 71658 aguarda alteracao minima
20260918151958	grupo_a_suspensao_piloto_5_titulos	20260918151958__grupo_a_suspensao_piloto_5_titulos.sql	79d3840c58efd24c616b3ca9ac105945	5476	2026-09-18 15:19:58	CORRECAO_DADO	-	etapa 2 do grupo A, piloto: prime_conferencia_detectar_grupo_a(true, 5 ids) com travas na transacao; 5 titulos EM_CONFIRMACAO / R$ 25.183,07 (A1 4, A2 coberto 1, revisao 1); casos, responsaveis e reposicao intactos; ver 20260918154315__NOTA.md
20260918154315	grupo_a_suspensao_restante	20260918154315__grupo_a_suspensao_restante.sql	5538132845bf04d0431020fd57d08075	7725	2026-09-18 15:43:15	CORRECAO_DADO	-	etapa 2 do grupo A, restante: detectar_grupo_a(true) sem lista, revalidado no instante, md5 das 23 funcoes d9e15cb2 conferido antes; 564 titulos / 321 alunos / R$ 1.158.987,97; total do grupo A 569 / 326 / R$ 1.184.171,04; ver 20260918154315__NOTA.md
20260918160937	margem_excepcional_por_pagamento	20260918160937__margem_excepcional_por_pagamento.sql	d9dbc2e59eef03d10631a269cf4a3c4f	45907	2026-09-18 16:09:37	ESTRUTURAL	-	PR #424: tabela pagamento_margem_autorizada + pagamento_autorizar_margem_excepcional (gestao, um a um); previa 5c33979a e registrador 730c6ae6; margem global 1,15 intocada
20260918161044	fecha_excecoes_op14_margem_5	20260918161044__fecha_excecoes_op14_margem_5.sql	42720fd3555cf6cf196671305050f6dd	3967	2026-09-18 16:10:44	CORRECAO_DADO	-	sem efeito nos 5 casos (Acesso negado: JWT sem sub, aluno_saldo_pendente_detalhe do Grupo A exige auth.uid); so a auditoria MARGEM_EXCEPCIONAL_LOTE ficou
20260918161152	fecha_excecoes_op14b_margem_5	20260918161152__fecha_excecoes_op14b_margem_5.sql	7d32a4aaa8ba7e6771037b0aede43c7b	4045	2026-09-18 16:11:52	CORRECAO_DADO	-	margem excepcional autorizada pela Amanda: 71770, 71907, 71948, 71955, 72158 BAIXADO por acordo a vista oficial (R$ 4.292,41); 71645/71672/71706/71746/71787 fora (Conferencia Prime do Grupo A)
20260918161637	fecha_excecoes_op15_63428_entrada_historica	20260918161637__fecha_excecoes_op15_63428_entrada_historica.sql	1a992c55af8e5075a727b9875bfb8489	7698	2026-09-18 16:16:37	CORRECAO_DADO	-	63428: entrada historica 50634280001 (R$ 908,92) registrada ja PAGO pelo proprio pagamento; acordo segue QUITADO, 12/12 parcelas pagas 1:1, R$ 4.544,60; aluna intocada; autorizado pela Amanda
20260918161708	fecha_excecoes_op16_motivos_lote3	20260918161708__fecha_excecoes_op16_motivos_lote3.sql	2f803a4e77be3b4585e4e5de9a8a6259	2626	2026-09-18 16:17:08	CORRECAO_DADO	-	so texto na fila: 71802/72141 DIVERGENCIA_FINANCEIRA_AGUARDA_GESTAO; 71645/71672/71706/71746/71787/71658 AGUARDA_CONFERENCIA_PRIME_GRUPO_A
20260918175420	conferencia_prime_l1_outra_divida_faixa1	20260918175420__conferencia_prime_l1_outra_divida_faixa1.sql	738c011215392f5019be7f0defa86b29	15315	2026-09-18 17:54:20	CORRECAO_DADO	-	conferencia prime opcao 1: L1 com outra divida, faixa 1 de 3 (alunos 0-7): 35 titulos / 21 alunos / R$ 35.914,70 confirmados pela funcao oficial; 0 quitados, 0 responsavel/operador/caso/reposicao alterados; ver 20260918175420__NOTA.md
20260918175530	conferencia_prime_l1_outra_divida_faixa2	20260918175530__conferencia_prime_l1_outra_divida_faixa2.sql	d9e1f3fc66375b36d3791671e95e5f51	15315	2026-09-18 17:55:30	CORRECAO_DADO	-	conferencia prime opcao 1: L1 com outra divida, faixa 2 de 3 (alunos 8-a): 24 titulos / 8 alunos / R$ 54.599,56; mesmas travas
20260918175636	conferencia_prime_l1_outra_divida_faixa3	20260918175636__conferencia_prime_l1_outra_divida_faixa3.sql	6814f0ba99b455ae63fe7065110b3984	15315	2026-09-18 17:56:36	CORRECAO_DADO	-	conferencia prime opcao 1: L1 com outra divida, faixa 3 de 3 (alunos b-f): 36 titulos / 14 alunos / R$ 35.774,85; total L1 95 / 43 / R$ 126.289,11
20260918175739	conferencia_prime_l2_vinculo	20260918175739__conferencia_prime_l2_vinculo.sql	075997c70170da373a5f2c5403c73935	14246	2026-09-18 17:57:39	CORRECAO_DADO	-	conferencia prime L2: 48 titulos vinculados pela funcao oficial a 22 acordos ATIVO existentes (R$ 38.375,68); 0 acordo/parcela/pagamento novo; R3 pulado (10)
20260918175832	conferencia_prime_quitacao_total_aguarda_regra_gestao	20260918175832__conferencia_prime_quitacao_total_aguarda_regra_gestao.sql	ff572970e6ebdb64c8d0951c745f9080	3036	2026-09-18 17:58:32	CORRECAO_DADO	-	so auditoria CONFIRMACAO_PRIME_QUITACAO_TOTAL_AGUARDA_REGRA_GESTAO: 312 titulos / 205 alunos / R$ 857.511,79 mantidos EM_CONFIRMACAO/PENDENTE ate decisao A/B da gestao
20260918181126	conferencia_prime_quitacao_total_autorizada	20260918181126__conferencia_prime_quitacao_total_autorizada.sql	f702104738ecf534f2ebb223785576bd	1622	2026-09-18 18:11:26	CORRECAO_DADO	-	so auditoria CONFIRMACAO_PRIME_QUITACAO_TOTAL_AUTORIZADA: decisao posterior da gestao substitui a pendencia da versao 175832 (mantida como historico); ver 20260918181126__NOTA.md
20260918181504	conferencia_prime_l1_quitacao_total_fatia1	20260918181504__conferencia_prime_l1_quitacao_total_fatia1.sql	0450530e3693c511d9cd3c83163bb1f0	18443	2026-09-18 18:15:04	CORRECAO_DADO	-	conferencia prime L1 quitacao total, fatia 1 de 8: 43 titulos / 27 alunos / R$ 133.358,07 confirmados pela funcao oficial; alunos QUITADO com saldo zero; reposicao so enfileirada (pausada)
20260918181634	conferencia_prime_l1_quitacao_total_fatia2	20260918181634__conferencia_prime_l1_quitacao_total_fatia2.sql	93ccbd7ea101e9975038777f26d6bf33	18443	2026-09-18 18:16:34	CORRECAO_DADO	-	conferencia prime L1 quitacao total, fatia 2 de 8: 40 / 28 / R$ 128.624,71 confirmados pela funcao oficial; alunos QUITADO com saldo zero; reposicao so enfileirada (pausada)
20260918181749	conferencia_prime_l1_quitacao_total_fatia3	20260918181749__conferencia_prime_l1_quitacao_total_fatia3.sql	0bd4bcdc23bd2eaee2721b2d94808fe5	18443	2026-09-18 18:17:49	CORRECAO_DADO	-	conferencia prime L1 quitacao total, fatia 3 de 8: 44 / 25 / R$ 120.331,86 confirmados pela funcao oficial; alunos QUITADO com saldo zero; reposicao so enfileirada (pausada)
20260918181902	conferencia_prime_l1_quitacao_total_fatia4	20260918181902__conferencia_prime_l1_quitacao_total_fatia4.sql	984dcd6042813530b27f075ffe46f557	18443	2026-09-18 18:19:02	CORRECAO_DADO	-	conferencia prime L1 quitacao total, fatia 4 de 8: 44 / 34 / R$ 172.853,73 confirmados pela funcao oficial; alunos QUITADO com saldo zero; reposicao so enfileirada (pausada)
20260918182017	conferencia_prime_l1_quitacao_total_fatia5	20260918182017__conferencia_prime_l1_quitacao_total_fatia5.sql	f2ed4428675f17934b9f0766f1699dbe	18443	2026-09-18 18:20:17	CORRECAO_DADO	-	conferencia prime L1 quitacao total, fatia 5 de 8: 44 / 26 / R$ 141.507,08 confirmados pela funcao oficial; alunos QUITADO com saldo zero; reposicao so enfileirada (pausada)
20260918182132	conferencia_prime_l1_quitacao_total_fatia6	20260918182132__conferencia_prime_l1_quitacao_total_fatia6.sql	96863acab82ad0aca1e6ee02ca5da0f1	18443	2026-09-18 18:21:32	CORRECAO_DADO	-	conferencia prime L1 quitacao total, fatia 6 de 8: 42 / 28 / R$ 96.647,51 confirmados pela funcao oficial; alunos QUITADO com saldo zero; reposicao so enfileirada (pausada)
20260918182245	conferencia_prime_l1_quitacao_total_fatia7	20260918182245__conferencia_prime_l1_quitacao_total_fatia7.sql	62e7df06735404bebcef1fe24d2da1af	18443	2026-09-18 18:22:45	CORRECAO_DADO	-	conferencia prime L1 quitacao total, fatia 7 de 8: 44 / 29 / R$ 58.348,63 confirmados pela funcao oficial; alunos QUITADO com saldo zero; reposicao so enfileirada (pausada)
20260918182401	conferencia_prime_l1_quitacao_total_fatia8	20260918182401__conferencia_prime_l1_quitacao_total_fatia8.sql	d5d3920aa5ef72cbe2009a78f1508c7f	18443	2026-09-18 18:24:01	CORRECAO_DADO	-	conferencia prime L1 quitacao total, fatia 8 de 8: 11 / 8 / R$ 5.840,20; total 312 / 205 / R$ 857.511,79 confirmados pela funcao oficial; alunos QUITADO com saldo zero; reposicao so enfileirada (pausada)
20260918190956	conferencia_prime_r3_vinculo_acordo_existente	20260918190956__conferencia_prime_r3_vinculo_acordo_existente.sql	87130e984d78063acc976cc54e91311c	9328	2026-09-18 19:09:56	CORRECAO_DADO	-	conferencia prime R3: 10 titulos / R$ 7.064,75 vinculados ao acordo existente pela funcao oficial (4609/4618/4606/4616 PAGO; 4611 NEGOCIADO); 4 solicitacoes ENCERRADO_VIA_ACORDO; a do 4611 fica aberta; zero pagamento/baixa/parcela/acordo novo
20260918191217	conferencia_prime_rota_pagamento_71645	20260918191217__conferencia_prime_rota_pagamento_71645.sql	3e7a7b7451352aa7a974693e36e6442a	11249	2026-09-18 19:12:17	CORRECAO_DADO	-	conferencia prime R4 71645: rejeitar (ROTA_FINANCEIRA_PAGAMENTO) + margem excepcional + acordo a vista pelo pagamento numa transacao; 2 titulos / R$ 294,00 PAGO; acordo 4929 QUITADO
20260918191303	conferencia_prime_rota_pagamento_71706	20260918191303__conferencia_prime_rota_pagamento_71706.sql	a52687c3c4ffe41c22ecc71a6cef8b3d	11210	2026-09-18 19:13:03	CORRECAO_DADO	-	conferencia prime R4 71706: mesma sequencia; 1 titulo / R$ 152,00 PAGO; acordo 4930 QUITADO
20260918191345	conferencia_prime_rota_pagamento_71746	20260918191345__conferencia_prime_rota_pagamento_71746.sql	0210e595c8b1079ebf90a6d71a3866fa	11249	2026-09-18 19:13:45	CORRECAO_DADO	-	conferencia prime R4 71746: mesma sequencia; 2 titulos / R$ 294,00 PAGO; acordo 4931 QUITADO
20260918191555	conferencia_prime_rota_pagamento_71787	20260918191555__conferencia_prime_rota_pagamento_71787.sql	b9ff33311e2abdf0fb646bdd9fd32383	11288	2026-09-18 19:15:55	CORRECAO_DADO	-	conferencia prime R4 71787: mesma sequencia; 3 titulos / R$ 872,44 PAGO; acordo 4932 QUITADO; conferencia 114 -> 96 (R$ 153.317,27)
20260918200010	conferencia_prime_auditoria_a1_reversao_autorizada	20260918200010__conferencia_prime_auditoria_a1_reversao_autorizada.sql	1982bcd86a451b54196e957922f088bc	2067	2026-09-18 20:00:10	CORRECAO_DADO	-	decisao da gestao apos a auditoria dos 407 A1: classes C e D (371 titulos, R$ 966.696,84) voltam para EM_CONFIRMACAO/PENDENTE; classe A (36) intocada; reposicao pausada; so registra
20260918200326	conferencia_prime_reversao_auditoria_a1_lote1	20260918200326__conferencia_prime_reversao_auditoria_a1_lote1.sql	3fa73938e36ef9dc7d272a6809714803	23175	2026-09-18 20:03:26	CORRECAO_DADO	-	reversao da auditoria A1, lote 1 de 8 (classe C): 50 titulos / 30 alunos / R$ 65.179,43 PAGO -> EM_CONFIRMACAO/PENDENTE (AUDITORIA_GRUPO_A_EVIDENCIA_INSUFICIENTE); quitados voltam para AGUARDANDO_CONFIRMACAO com caso reaberto e operador anterior; reposicoes neutralizadas; trava terminal desligada so dentro da transacao
20260918200503	conferencia_prime_reversao_auditoria_a1_lote2	20260918200503__conferencia_prime_reversao_auditoria_a1_lote2.sql	cb312d057d45f0076b80158f787213f3	23175	2026-09-18 20:05:03	CORRECAO_DADO	-	reversao da auditoria A1, lote 2 de 8 (classe C): 48 titulos / 30 alunos / R$ 114.320,64 PAGO -> EM_CONFIRMACAO/PENDENTE (AUDITORIA_GRUPO_A_EVIDENCIA_INSUFICIENTE); quitados voltam para AGUARDANDO_CONFIRMACAO com caso reaberto e operador anterior; reposicoes neutralizadas; trava terminal desligada so dentro da transacao
20260918200624	conferencia_prime_reversao_auditoria_a1_lote3	20260918200624__conferencia_prime_reversao_auditoria_a1_lote3.sql	69b7e2952977a24cfc4aca67a3fa7102	22863	2026-09-18 20:06:24	CORRECAO_DADO	-	reversao da auditoria A1, lote 3 de 8 (classe C): 45 titulos / 22 alunos / R$ 40.517,04 PAGO -> EM_CONFIRMACAO/PENDENTE (AUDITORIA_GRUPO_A_EVIDENCIA_INSUFICIENTE); quitados voltam para AGUARDANDO_CONFIRMACAO com caso reaberto e operador anterior; reposicoes neutralizadas; trava terminal desligada so dentro da transacao
20260918200753	conferencia_prime_reversao_auditoria_a1_lote4	20260918200753__conferencia_prime_reversao_auditoria_a1_lote4.sql	43c564490abf1c7f12971a437c64ee1b	23331	2026-09-18 20:07:53	CORRECAO_DADO	-	reversao da auditoria A1, lote 4 de 8 (classe D): 47 titulos / 34 alunos / R$ 219.254,27 PAGO -> EM_CONFIRMACAO/PENDENTE (AUDITORIA_GRUPO_A_EVIDENCIA_INSUFICIENTE); quitados voltam para AGUARDANDO_CONFIRMACAO com caso reaberto e operador anterior; reposicoes neutralizadas; trava terminal desligada so dentro da transacao
20260918200913	conferencia_prime_reversao_auditoria_a1_lote5	20260918200913__conferencia_prime_reversao_auditoria_a1_lote5.sql	2017dc2e32c9e5dbaa1af8e7a53383bf	23136	2026-09-18 20:09:13	CORRECAO_DADO	-	reversao da auditoria A1, lote 5 de 8 (classe D): 48 titulos / 29 alunos / R$ 178.503,85 PAGO -> EM_CONFIRMACAO/PENDENTE (AUDITORIA_GRUPO_A_EVIDENCIA_INSUFICIENTE); quitados voltam para AGUARDANDO_CONFIRMACAO com caso reaberto e operador anterior; reposicoes neutralizadas; trava terminal desligada so dentro da transacao
20260918201032	conferencia_prime_reversao_auditoria_a1_lote6	20260918201032__conferencia_prime_reversao_auditoria_a1_lote6.sql	50591a38ffba05d96b63654033f80847	23058	2026-09-18 20:10:32	CORRECAO_DADO	-	reversao da auditoria A1, lote 6 de 8 (classe D): 50 titulos / 27 alunos / R$ 138.563,86 PAGO -> EM_CONFIRMACAO/PENDENTE (AUDITORIA_GRUPO_A_EVIDENCIA_INSUFICIENTE); quitados voltam para AGUARDANDO_CONFIRMACAO com caso reaberto e operador anterior; reposicoes neutralizadas; trava terminal desligada so dentro da transacao
20260918201156	conferencia_prime_reversao_auditoria_a1_lote7	20260918201156__conferencia_prime_reversao_auditoria_a1_lote7.sql	d7c7b24979960fc46b5b1f2126098edb	23331	2026-09-18 20:11:56	CORRECAO_DADO	-	reversao da auditoria A1, lote 7 de 8 (classe D): 50 titulos / 34 alunos / R$ 169.973,59 PAGO -> EM_CONFIRMACAO/PENDENTE (AUDITORIA_GRUPO_A_EVIDENCIA_INSUFICIENTE); quitados voltam para AGUARDANDO_CONFIRMACAO com caso reaberto e operador anterior; reposicoes neutralizadas; trava terminal desligada so dentro da transacao
20260918201316	conferencia_prime_reversao_auditoria_a1_lote8	20260918201316__conferencia_prime_reversao_auditoria_a1_lote8.sql	e9d2c74b158be1e3ba4601862e4e697c	22902	2026-09-18 20:13:16	CORRECAO_DADO	-	reversao da auditoria A1, lote 8 de 8 (classe D): 33 titulos / 23 alunos / R$ 40.384,16 PAGO -> EM_CONFIRMACAO/PENDENTE (AUDITORIA_GRUPO_A_EVIDENCIA_INSUFICIENTE); quitados voltam para AGUARDANDO_CONFIRMACAO com caso reaberto e operador anterior; reposicoes neutralizadas; trava terminal desligada so dentro da transacao
20260918201603	conferencia_prime_auditoria_a1_c1_vinculo_3724	20260918201603__conferencia_prime_auditoria_a1_c1_vinculo_3724.sql	c42f9b882310fc4e3cca44c779348087	5611	2026-09-18 20:16:03	CORRECAO_DADO	-	C1: 3 titulos (R$ 1.539,77) vinculados ao acordo ATIVO 3724 (Prime 063688) pela funcao oficial; prova = pagamento 50636880001 de 14/08 e liquidacao Prime no mesmo dia; NEGOCIADO
20260918201736	conferencia_prime_rota_pagamento_71672	20260918201736__conferencia_prime_rota_pagamento_71672.sql	4ae7d7e4ca09ca94b8b415e61d4b5ac5	13050	2026-09-18 20:17:36	CORRECAO_DADO	-	conferencia prime L6 71672: rejeitar + margem excepcional + acordo a vista pelo pagamento; liquidacao Prime 11/09 x pagamento 14/09 autorizada; acordo 3638 comprovadamente nao relacionado; titulo 4049973 PAGO
20260918214950	r2_legado_sem_cpf_71600	20260918214950__r2_legado_sem_cpf_71600.sql	499d8b79585418032b47817b7f15dfee	21476	2026-09-18 21:49:50	CORRECAO_DADO	-	R2 pagamento legado sem CPF 71600: prova composta (10 evidencias) + fronteira de 14/09 so para ele + rota do pagamento; BAIXADO, acordo a vista QUITADO, titulo PAGO; R$ 1.076,41 / titulo R$ 955,65; aluno QUITADO
20260918215102	r2_legado_sem_cpf_71606	20260918215102__r2_legado_sem_cpf_71606.sql	1236e1f2c59b462ed1a2c1d511c31bec	21476	2026-09-18 21:51:02	CORRECAO_DADO	-	R2 pagamento legado sem CPF 71606: prova composta (10 evidencias) + fronteira de 14/09 so para ele + rota do pagamento; BAIXADO, acordo a vista QUITADO, titulo PAGO; R$ 1.146,73 / titulo R$ 1.018,08; liquidacao Prime 1 dia antes (autorizado); aluno segue COBRANCA_VENCIDA
20260918215214	r2_legado_sem_cpf_71646	20260918215214__r2_legado_sem_cpf_71646.sql	84e0b7f17f41b64fb9d9feaabd974c99	21476	2026-09-18 21:52:14	CORRECAO_DADO	-	R2 pagamento legado sem CPF 71646: prova composta (10 evidencias) + fronteira de 14/09 so para ele + rota do pagamento; BAIXADO, acordo a vista QUITADO, titulo PAGO; R$ 612,87 / titulo R$ 544,11; aluno QUITADO
20260918215329	r2_legado_sem_cpf_71669	20260918215329__r2_legado_sem_cpf_71669.sql	e2000e96c9fd7a1bba0dba053effdffc	21476	2026-09-18 21:53:29	CORRECAO_DADO	-	R2 pagamento legado sem CPF 71669: prova composta (10 evidencias) + fronteira de 14/09 so para ele + rota do pagamento; BAIXADO, acordo a vista QUITADO, titulo PAGO; R$ 241,25 / titulo R$ 214,19; aluno QUITADO
20260918215442	r2_legado_sem_cpf_71687	20260918215442__r2_legado_sem_cpf_71687.sql	96e20b094ae3d95fa0804252be90d60c	21475	2026-09-18 21:54:42	CORRECAO_DADO	-	R2 pagamento legado sem CPF 71687: prova composta (10 evidencias) + fronteira de 14/09 so para ele + rota do pagamento; BAIXADO, acordo a vista QUITADO, titulo PAGO; R$ 80,36 / titulo R$ 71,34; origem externa, credito nao atribuido; aluno QUITADO
20260918215555	r2_legado_sem_cpf_71700	20260918215555__r2_legado_sem_cpf_71700.sql	bdea73a5fee70eeaca30915bd7efc1b0	21475	2026-09-18 21:55:55	CORRECAO_DADO	-	R2 pagamento legado sem CPF 71700: prova composta (10 evidencias) + fronteira de 14/09 so para ele + rota do pagamento; BAIXADO, acordo a vista QUITADO, titulo PAGO; R$ 377,16 / titulo R$ 306,92; margem excepcional individual (+22,89%); aluno segue COBRANCA_VENCIDA
20260918215708	r2_legado_sem_cpf_71704	20260918215708__r2_legado_sem_cpf_71704.sql	8c1c9930fdc04f4f18f7c4639edeecff	21476	2026-09-18 21:57:08	CORRECAO_DADO	-	R2 pagamento legado sem CPF 71704: prova composta (10 evidencias) + fronteira de 14/09 so para ele + rota do pagamento; BAIXADO, acordo a vista QUITADO, titulo PAGO; R$ 2.298,41 / titulo R$ 2.036,90; aluno QUITADO
20260918215822	r2_legado_sem_cpf_71707	20260918215822__r2_legado_sem_cpf_71707.sql	4f60a41c5d095ebd9466170074880850	21475	2026-09-18 21:58:22	CORRECAO_DADO	-	R2 pagamento legado sem CPF 71707: prova composta (10 evidencias) + fronteira de 14/09 so para ele + rota do pagamento; BAIXADO, acordo a vista QUITADO, titulo PAGO; R$ 359,55 / titulo R$ 307,51; margem excepcional individual (+16,92%); aluno segue COBRANCA_VENCIDA
20260918215936	r2_legado_sem_cpf_71730	20260918215936__r2_legado_sem_cpf_71730.sql	a113671c2d83b4c491f9e58e93ba8d20	21476	2026-09-18 21:59:36	CORRECAO_DADO	-	R2 pagamento legado sem CPF 71730: prova composta (10 evidencias) + fronteira de 14/09 so para ele + rota do pagamento; BAIXADO, acordo a vista QUITADO, titulo PAGO; R$ 880,63 / titulo R$ 766,34; aluno QUITADO
20260918233716	d2_suspensao_37_liquidados_prime	20260918233716__d2_suspensao_37_liquidados_prime.sql	1c4db53c9a7a32752166d0c7c00d44a7	11633	2026-09-18 23:37:16	CORRECAO_DADO	-	D2: 37 titulos "outra divida" de 18 alunos, liquidados na Prime sem pagamento/acordo/vinculo/166, suspensos para EM_CONFIRMACAO/PENDENTE (motivo PRIME_LIQUIDADO_ORIGEM_NAO_COMPROVADA); R$ 48.258,53; 0 mudaram antes; 18 alunos AGUARDANDO_CONFIRMACAO; 13 responsaveis e 18 casos preservados; 0 redistribuicoes; 0 reposicao; 12 com liquidacao dentro de 30 dias do venc. ou antes da importacao (evidencia.liquidacao_real=false); simulacao identica revertida as 23:05; Conferencia 454 -> 491 / R$ 1.160.055,59
20260918235713	prime_liquidacao_regra_entrada	20260918235713__prime_liquidacao_regra_entrada.sql	8a61e64e9c7f82efcd8f3861a789cafd	77358	2026-09-18 23:57:13	ESTRUTURAL	-	REGRA PERMANENTE DE ENTRADA: Prime liquidado nao e pagamento. Arquivo 20260918230000. Rotas A/B/C; rotina horaria prime_liquidacao_classificar_novas (cron :50, etapa prime_liquidacao_classificar); tabelas prime_liquidacao_regra + prime_liquidacao_classificacao (deny-all); travas VALOR_PAGO_PRIME_NAO_E_CAIXA (baixar) e PAGAMENTO_NAO_COBRE_O_TITULO (liquidador); vincular exige pagamento real em acordo QUITADO; seguir_pagamento; painel; indice ix_prime_extrato_boleto_ltrim (1a tentativa 23:44 estourou timeout, revertida inteira). CORTE 23:57:13 UTC: 3.543 titulos / 1.255 alunos / R$ 7.955.141,31 HISTORICO_FORA_DO_CORTE; nada reprocessado (491 pendentes = 454 grupo A + 37 D2; PAGO 5218 / NEGOCIADO 3103 iguais); 11 funcoes com md5 igual ao arquivo; 69/69 testes PGlite; rollback em supabase/rollbacks/20260918230000_...
20260919121157	prime_conferencia_triagem	20260919121157__prime_conferencia_triagem.sql	ba5fa9ff8702e28f94bf494867acb647	37077	2026-09-19 12:11:57	ESTRUTURAL	-	TRIAGEM OPERACIONAL da Conferencia Prime (arquivo 20260919120000): colunas triagem/triagem_em + classe_humana(obs/por/em, CHECK 7 classes) em prime_conferencia_decisao; funcoes prime_conferencia_triagem_recalcular (snapshot; so triagem), classificar_humano (so registro + auditoria, zero efeito financeiro), fila (colunas a mais), painel, ficha; cron prime_conferencia_triagem_hora :55. Primeira triagem: 757 titulos / R$ 1.646.281,70 em 23,97 s; CRITICO 283 / ALTO 268 / NORMAL 204 / BAIXO 2; origem INSTITUCIONAL 342, NAO_COMPROVADA 234, CANCELAMENTO 107, FIES_ISENCAO 47, PAGAMENTO 17, RESIDUO 7, ACORDO 3; manual 737; CRITICO por solicitacao ligada = 0; prova interna: nenhuma decisao/titulo/aluno/caso/pagamento/acordo/parcela/vinculo mudou; classe_humana nula em todos; 26 testes novos, 95/95 Prime; rollback em supabase/rollbacks/20260919120000_...
20260919131743	lote20_comprovados_execucao	20260919131743__lote20_comprovados_execucao.sql	7feaa1da455bb45ef5c09bb67002a38d	7926	2026-09-19 13:17:43	CORRECAO_DADO	-	Lote dos 20 "comprovados" da Conferencia Prime: 6 resolvidos pelas rotas oficiais assinadas pela gestao (Gustavo 3 + Geovanna 2 -> VINCULADO/NEGOCIADO; Amanda G. 1 -> seguir_pagamento + conciliacao_liquidar_titulo_por_prime -> PAGO oficial, pagamento 606170c6 TITULO_ORIGINAL_LIQUIDADO, aluno QUITADO, caso encerrado, 1 reposicao enfileirada com cron pausado); R$ 10.817,96; 14 bloqueados por prova insuficiente (Jussara 3, Alexandre 1, Kelly 1, Andrea 5, Yuri 3, Ivone 1) seguem EM_CONFIRMACAO; 0 baixa dupla, 0 titulo em 2 acordos, 0 pagamento usado 2x, 0 acordo/parcela/pagamento criado; Conferencia 757 -> 751 / R$ 1.635.463,74; simulacoes revertidas antes
20260919141327	prime_conferencia_triagem_cadeia	20260919141327__prime_conferencia_triagem_cadeia.sql	b8f68706ab3a5971a2ccd4ee2ca113dd	24548	2026-09-19 14:13:27	ESTRUTURAL	-	TRIAGEM ajuste 2 (arquivo 20260919140000): cadeia objetiva. PAGAMENTO_COMPROVADO so com pagamento->parcela->acordo->titulo (composicao/vinculo/acordo_id), solicitacao titulo_id+pagamento_id ou A_PAGAMENTO_COMPROVADO; ACORDO_COMPROVADO so com vinculo/composicao (QUITADO exige dinheiro real), solicitacao titulo_id+acordo/parcela ou B_ACORDO_COMPROVADO; novos PAGAMENTO_CANDIDATO / ACORDO_CANDIDATO (manual). So a funcao prime_conferencia_triagem_recalcular muda (versao triagem 2026-09-19.2). Rodada: 751 em 37,9 s; origem INSTITUCIONAL 298, NAO_COMPROVADA 121, CANCELAMENTO 108, PAGAMENTO_CANDIDATO 87, ACORDO_CANDIDATO 83, FIES_ISENCAO 47, RESIDUO 7; comprovados 0; manual 751; 14 bloqueados do lote 20 = candidatos (Kelly = cancelamento provavel); 6 resolvidos fora da fila; prova interna: decisao/classe_humana/prioridade/titulo/aluno/pagamento/acordo/parcela/vinculo iguais; 11 testes novos, 106/106 Prime; tela ganha rotulos Pagamento candidato / Acordo candidato
20260919143704	onda1_classe_humana_cancelamento_isencao	20260919143704__conferencia_prime_classe_humana_onda1.sql	e2b0669bdd690c5322ccce66db9cae5b	1117	2026-09-19 14:37:04	CORRECAO_DADO	-	Onda 1: classe humana em 87 titulos (CANCELAMENTO_ESTORNO 83, ISENCAO_FIES_BOLSA 4) via prime_conferencia_classificar_humano assinada pela gestao; 0 bloqueados; zero efeito financeiro (md5 decisoes/titulos/alunos/casos iguais, contagens iguais); Conferencia 751 / R$ 1.635.463,74; classe vazia 664; 1a tentativa revertida por movimentacao concorrente de operador no contador global
20260919155544	prime_conferencia_encerramento_administrativo	20260919155544__prime_conferencia_encerramento_administrativo.sql	ab5b0b05de3306be804f4045265f18e8	43847	2026-09-19 15:55:44	ESTRUTURAL	-	Encerramento administrativo da Conferencia Prime (arquivo 20260919160000, md5 139308fd5a72f58dc0cc0eed1ab7518b): colunas origem_encerramento/_ref/_em + CHECK; decisao ENCERRADO_ADMINISTRATIVO; _trg_auto_quitar_titulo ignora CANCELADA; gatilho terminal trg_titulo_encerrado_administrativo_protegido; helper prime_conferencia_encerrar_zerado_aluno (SEM_SALDO_EM_ABERTO, responsavel preservado); RPC prime_conferencia_encerrar_administrativo (gestao, obs>=10, so CANCELAMENTO_ESTORNO/ISENCAO_FIES_BOLSA); carteira_2026_1_classificar CANCELADA=FORA_DA_BASE; recalcular_situacao_aluno ramo restrito SEM_PENDENCIA (nunca QUITADO) so com origem_encerramento e sem evento financeiro posterior; 0 historico reclassificado (4.464 QUITADO iguais); 19 testes; borderô nao reabre CANCELADA (src/utils/bordero.js)
20260919155730	encerramento_administrativo_87_execucao	20260919155730__encerramento_administrativo_87_execucao.sql	9ea3a9ccbe43f537c627445558f75f36	5983	2026-09-19 15:57:30	CORRECAO_DADO	-	Execucao dos 87 (versoes 155730/155809/155835 + recalc 155848): 87 executados, 0 bloqueados, 43 alunos, R$ 77.472,27 (CE 83, FIES 4) via prime_conferencia_encerrar_administrativo assinada pela gestao; 87 CANCELADA/cancelada com origem_encerramento, origem_liquidacao intocada; decisoes ENCERRADO_ADMINISTRATIVO 87, pendentes 751 -> 664; alunos SEM_PENDENCIA 22 / COBRANCA_VENCIDA 12 / ACORDO_EM_DIA 2 / AGUARDANDO_CONFIRMACAO 7 / QUITADO 0; recalc repetido 22 -> 22; 20 casos SEM_SALDO_EM_ABERTO, responsaveis 33 = 33; PAGO 5.220, NEGOCIADO 3.107, pagamentos 9.308, honorario 916.349,26, recuperacao 21.994/14.041, acordos/parcelas/vinculos/reposicao iguais; simulacao reversivel identica as 15:43 UTC
20260920163828	protecao_confirmacao_financeira_por_aluno	20260920163828__protecao_confirmacao_financeira_por_aluno.sql	6c85a8e843cb47657464619c6fac454b	14291	2026-09-20 16:38:28	ESTRUTURAL	-	Protecao de confirmacao financeira aberta por aluno_id (arquivo 20260920140000, md5 identico): caso_protegido_redistribuicao ganha bloco por aluno_id com os dois estados abertos; nivelamento_automatico_gestao troca aluno_cpf por aluno_id. So funcoes, zero dado. Rollback em supabase/rollbacks/20260920140000_*.rollback.sql
20260921114547	projecao_importar_pagamentos_timeout_60s	20260921114547__projecao_importar_pagamentos_timeout_60s.sql	e065f68dc8ee744524cdb51f63ac6685	1956	2026-09-21 11:45:47	ESTRUTURAL	-	Timeout proprio de 60s na RPC projecao_importar_pagamentos (7 args) apos "canceling statement due to statement timeout" de 21/09 ~08:24 BRT. So ALTER FUNCTION SET statement_timeout; md5(pg_get_functiondef) 7ec23463... -> 85e8b648...; md5(prosrc) inalterado a0880e53...; owner/ACL/SECURITY DEFINER/assinatura preservados; sobrecarga de 4 args intocada; authenticated/authenticator seguem 8s; 122 triggers, 32 crons e demais funcoes com hash identico; pagamentos 9.308, baixas 3.341, parcelas/acordos/saldo iguais. Rollback em supabase/rollbacks/20260921120000_*.rollback.sql
20260923095523	projecao_nao_baixados_relatorio	20260923095523__projecao_nao_baixados_relatorio.sql	f1f65a8201215115a1e9922048f0bdfa	18946	2026-09-23 09:55:23	ESTRUTURAL	-	Relatorio SOMENTE LEITURA "Nao baixados / Rejeitados" da Projecao (PR #470, arquivo supabase/migrations/20260923140000_projecao_nao_baixados_relatorio.sql; md5 dos statements em producao bd4b0b02cd4b061a47ccc7e153be9e70 = o arquivo deste ledger sem o newline final). Cria UMA funcao nova, projecao_nao_baixados(jsonb): nao altera tabela, nao altera funcao existente, nao grava linha nenhuma. STABLE por desenho -- o Postgres recusa INSERT/UPDATE/DELETE dentro dela, e e essa a garantia de que abrir a aba nao baixa, nao devolve baixa, nao reprocessa e nao mexe na fila; FEITO e REJEITAR seguem em Pagamentos sem vinculo. SECURITY DEFINER com portao usuario_e_gestao(), EXECUTE so para authenticated e service_role (anon recusado com 42501, conferido pela API publica de producao). Universo: importacoes.tipo = 'PROJECAO_DIARIA'. Recorte padrao medido em 23/09/2026: 60 pagamentos / R$ 57.620,47 / 51 alunos, 37 PENDENTE (R$ 25.645,02), 0 FEITO, 0 REJEITADO, 5 ENCERRADO_GESTAO, 18 RESOLVIDO_AUTOMATICO; 429 BAIXADO todos com parcela PAGO. motivo_categoria/motivo_texto nunca nulos: 0 linhas sem motivo nos tres recortes (padrao 60; +incluir_sem_estado 5.717 / R$ 6.154.649,68; +incluir_baixados 8.730 / R$ 11.618.828,79). 20 testes PGlite + 14 de tela. Rollback em supabase/rollbacks/20260923140000_*.rollback.sql (drop function, nada mais).
20260923120810	conferencia_pagamento_na_ficha	20260923120810__conferencia_pagamento_na_ficha.sql	f9facece843faa7e855b80d37d3e1317	25230	2026-09-23 12:08:10	ESTRUTURAL	-	Conferencia de pagamento na ficha do aluno (PR #472, arquivo supabase/migrations/20260923160000_conferencia_pagamento_na_ficha.sql; md5 dos statements em producao ba7126b9548295a12c4a014a95418ddf = este arquivo sem o newline final). conciliacao_feito e conciliacao_rejeitar passam a gravar a decisao tambem em aluno_movimentacoes, tipo CONFERENCIA_PAGAMENTO -- terceiro lugar, alem da fila e da auditoria. So decisao HUMANA final: motor horario, reprocessamento e rotinas automaticas nao passam por essas RPCs. ZERO efeito financeiro, auditado gatilho a gatilho: CONFERENCIA_PAGAMENTO esta FORA da lista fechada de eh_tipo_acionamento (nao mexe em alunos.data_ultimo_acionamento, casos nem recalcular_situacao_aluno), status_novo fica nulo (nao dispara o gatilho do elogio), tipo <> FINALIZACAO_ATENDIMENTO (nao dispara o de desfazer tabulacao) e valor_movimentacao fica NULO de proposito para a linha nao entrar em soma. Nao cria acordo/parcela, nao baixa, nao altera saldo/mensalidade, nao reativa acordo. Pagamento sem aluno nao gera movimentacao; falha na ficha nao desfaz a decisao (bloco exception). pagamentos_sem_aluno ganha 3 colunas NOVAS no fim do RETURNS TABLE: acordo_identificado (prefixo do boleto), evidencias jsonb (acordo no CRM, parcela com o boleto, CPF no portador 166, consulta de estrutura, tentativas) e saldo_total/saldo_vencido -- nenhuma coluna existente muda de nome, tipo ou ordem. Defeito corrigido antes de aplicar: to_char com G/D segue o lc_numeric do servidor e escrevia R$ 3,945.53; trocado por molde literal + translate. 13 testes PGlite + 3 de tela. Rollback em supabase/rollbacks/20260923160000_*.rollback.sql (devolve os 3 corpos anteriores e NAO apaga as movimentacoes ja gravadas).
20260923151117	fila_pagamentos_filtra_antes_de_enriquecer	20260923151117__fila_pagamentos_filtra_antes_de_enriquecer.sql	0d330f06bd85955f3c8931c3182b122d	10781	2026-09-23 15:11:17	ESTRUTURAL	-	Correcao do timeout da fila de pagamentos (PR #495, arquivo supabase/migrations/20260923170000_fila_pagamentos_filtra_antes_de_enriquecer.sql; md5 dos statements em producao 07f59bf0a44a44f5c8e9ce8747e90604 = este arquivo sem o newline final). A tela respondia 'canceling statement due to statement timeout' (teto de 8s do papel authenticated) depois que 20260923120810 deu 3 campos novos a pagamentos_sem_aluno. Medido em producao: 29.308 ms. CAUSA: a contagem de alunos por NOME, que e ANTIGA, roda como lateral antes do filtro da populacao; com um join e uma lateral a mais os custos mudaram, o plano virou nested loop e essa lateral passou de ~39 para 810 voltas (35,4 ms x 810 = 28,7 s; 911.253 heap fetches). Os campos novos custavam 0,4 s (166) e 0,2 s (acordo) -- nao eram o peso, foram o empurrao. CORRECAO: a populacao virou CTE `base as materialized` -- filtra primeiro (39 linhas), enriquece depois; materialized impede o planejador de reembutir a subconsulta e repetir o defeito. Medido depois de aplicar: 2.036 ms em todos-os-meses, todos os loops em 39 voltas. NAO mexe na contagem por nome (e comportamento: motivo/candidatos) e NAO sobe o statement_timeout (e tela, nao rotina). create or replace na mesma assinatura: grants intactos. Saida identica a anterior -- 4 dos 10 testes comparam linha a linha nos quatro modos. Rollback em supabase/rollbacks/20260923170000_*.rollback.sql, que AVISA no cabecalho que voltar derruba a tela de novo.
20260925180638	backup_carteira_geral_funcoes_20260925	20260925180638__backup_carteira_geral_funcoes_20260925.sql	402769826699ca749b27d4ab4c692e47	1008	2026-09-25 18:06:38	ESTRUTURAL	-	BACKUP das 14 funcoes que a blindagem patcheia, tirado ANTES de qualquer patch (Passo 1.1 do roteiro em docs/PREFLIGHT-CARTEIRA-GERAL-2026-09-25.md). FINALIDADE: este projeto NAO tem PITR, e internal.patch_funcao_ancorada so anda para a frente -- desfazer os 15 patches e restaurar corpo por corpo, e so este backup permite isso. Cria public._backup_carteira_geral_funcoes_20260925 com schema, funcao, args, definicao_antes (pg_get_functiondef) e capturado_em, para as 14: nivelamento_automatico_gestao, calibragem_simular_nivelamento_impl, reforcar_teto_operadores, nivelar_medias_progressivo, reposicao_carteira_processar, assumir_caso_livre, assumir_caso_livre_aluno, sistema_assumir_atendimento, assumir_atendimento_aluno, sistema_assumir_receptivo, fila_receptivo_heartbeat, _aluno_segue_dono_do_acordo, casos_elegiveis_liberacao_fidelizacao e atribuir_responsavel_por_acordo. Traz duas linhas ALEM do que o roteiro pedia, e sao bem-vindas: enable row level security e revoke all de anon e authenticated -- definicao de funcao nao e leitura para o app. FINGERPRINT conferido em 26/09: 14 linhas, 14 com definicao nao vazia, os 14 nomes exatamente os da lista, e md5(definicao_antes) IGUAL a md5(pg_get_functiondef) de producao nas 14 -- ou seja, o backup ainda descreve o estado ANTERIOR aos patches, porque os patches nao mudam a assinatura nem a identidade, so o corpo (a conferencia foi feita antes de 20260925181823 entrar). NAO altera nenhum dado de negocio. md5 dos statements em producao 735f3567bbb716cb6e0e47cf8aab56b6 = este arquivo do ledger sem o newline final (1.008 bytes com ele). REVERSAO: drop table, nada mais.
20260925180744	carteira_geral_destino	20260925180744__carteira_geral_destino.sql	baa3a94305dd71b7c3c8d55e065cdc4e	11928	2026-09-25 18:07:44	ESTRUTURAL	-	CARTEIRA GERAL 1/4 -- fundacao do destino (PR #517). APLICADA EM PRODUCAO POR apply_migration, que gera a versao no momento da aplicacao e ignora o nome do arquivo: por isso a versao aqui e 2026-09-25 e nao a do arquivo original do PR (2026092417125x). O arquivo do repositorio foi RENOMEADO para esta versao em 26/09 (commit cdf51fe), sem tocar o conteudo -- repositorio e schema_migrations passaram a concordar, e um supabase db push ve a migration como aplicada em vez de pendente. Cria internal.carteira_geral_email() ('carteira.geral@reativa.local'), a linha em usuarios com perfil 'carteira' e ativo=false e SEM linha em auth.users -- a Carteira Geral e um destino, nao uma pessoa, e nao existe senha compartilhada; a coluna usuarios.recebe_novos_casos (default true, not null); internal.operador_pode_receber_caso(text), porta unica de 'esta pessoa pode receber caso novo?'; o INVOLUCRO public.operador_pode_receber_caso(text), SECURITY DEFINER, revoke de public e anon e execute so para authenticated e service_role -- ele existe porque fila_receptivo_heartbeat e SECURITY INVOKER e authenticated NAO tem USAGE no schema internal, e sem o involucro o heartbeat do receptivo quebraria com 42501; e as tabelas carteira_geral_previas e carteira_geral_auditoria, com RLS por calibragem_e_gestao() e gatilho append-only na auditoria. md5 dos statements em producao 85856d786fd95176e3687f06cfb5c5c1 = este arquivo do ledger sem o newline final (11.928 bytes com ele), conferido em 26/09. NAO ha arquivo de rollback para esta versao: a reversao do pacote e por reconstrucao -- ver a nota de 20260925180638 e a Fase de reversao do roteiro.
20260925181117	carteira_geral_painel_previa	20260925181117__carteira_geral_painel_previa.sql	6b37a55c2db3e510ef3f7d95ca3484cc	26348	2026-09-25 18:11:17	ESTRUTURAL	-	CARTEIRA GERAL 2/4 -- painel, listagem e previa, tudo SO LEITURA (PR #517). APLICADA EM PRODUCAO POR apply_migration, que gera a versao no momento da aplicacao e ignora o nome do arquivo: por isso a versao aqui e 2026-09-25 e nao a do arquivo original do PR (2026092417125x). O arquivo do repositorio foi RENOMEADO para esta versao em 26/09 (commit cdf51fe), sem tocar o conteudo -- repositorio e schema_migrations passaram a concordar, e um supabase db push ve a migration como aplicada em vez de pendente. Cria carteira_geral_base(jsonb) -- sem grant para authenticated, porque devolve a carteira inteira e nao tem portao proprio --, carteira_geral_painel(jsonb), carteira_geral_listar(jsonb,int,int) e carteira_geral_previa(uuid[],text,text,boolean,jsonb,uuid[]), as tres ultimas SECURITY DEFINER com portao calibragem_e_gestao(). Nenhuma escreve titularidade. A previa CONGELA a decisao por acordo: acordo de terceiro so vai junto se for escolhido um a um. Derruba a assinatura antiga de 5 argumentos da previa. md5 dos statements em producao 446d96dd1b1ec2d2ccbec0e89e3d23bc = este arquivo do ledger sem o newline final (26.348 bytes com ele), conferido em 26/09. NAO ha arquivo de rollback para esta versao: a reversao do pacote e por reconstrucao -- ver a nota de 20260925180638 e a Fase de reversao do roteiro.
20260925181554	carteira_geral_mover	20260925181554__carteira_geral_mover.sql	3307ffda0a9d81cfb75d3560eff0d128	24668	2026-09-25 18:15:54	ESTRUTURAL	-	CARTEIRA GERAL 3/4 -- a execucao, tudo-ou-nada por aluno (PR #517). APLICADA EM PRODUCAO POR apply_migration, que gera a versao no momento da aplicacao e ignora o nome do arquivo: por isso a versao aqui e 2026-09-25 e nao a do arquivo original do PR (2026092417125x). O arquivo do repositorio foi RENOMEADO para esta versao em 26/09 (commit cdf51fe), sem tocar o conteudo -- repositorio e schema_migrations passaram a concordar, e um supabase db push ve a migration como aplicada em vez de pendente. Cria internal.carteira_geral_trocar_dono(...), que preserva o agendamento de retorno na troca de custodia (data, hora, origem e a agenda apontando para o novo responsavel), carteira_geral_mover(uuid,text), carteira_geral_desfazer_lote(uuid,text) e carteira_geral_definir_recebimento(text,boolean,text). mover e desfazer_lote sobem o proprio statement_timeout para 300s. mover REVALIDA todos os acordos selecionados ANTES de qualquer escrita e recusa o ALUNO INTEIRO se um deles divergiu -- os demais alunos do lote seguem. desfazer_lote recusa item a item o que foi mexido depois do lote. md5 dos statements em producao ce62ee0e3a987a3b9e24d4e2d742659f = este arquivo do ledger sem o newline final (24.668 bytes com ele), conferido em 26/09. NAO ha arquivo de rollback para esta versao: a reversao do pacote e por reconstrucao -- ver a nota de 20260925180638 e a Fase de reversao do roteiro.
20260925181823	carteira_geral_blindar_automacoes	20260925181823__carteira_geral_blindar_automacoes.sql	030050980a0a93a71f43587ac50f5d91	17304	2026-09-25 18:18:23	ESTRUTURAL	-	CARTEIRA GERAL 4/4 -- blindagem das automacoes (PR #517). APLICADA EM PRODUCAO POR apply_migration, que gera a versao no momento da aplicacao e ignora o nome do arquivo: por isso a versao aqui e 2026-09-25 e nao a do arquivo original do PR (2026092417125x). O arquivo do repositorio foi RENOMEADO para esta versao em 26/09 (commit cdf51fe), sem tocar o conteudo -- repositorio e schema_migrations passaram a concordar, e um supabase db push ve a migration como aplicada em vez de pendente. Cria internal.patch_funcao_ancorada(...) e aplica 15 PATCHES ANCORADOS sobre 14 funcoes vivas: le a definicao atual, exige a ancora no numero exato de ocorrencias, troca so o trecho e falha alto se a ancora nao bater. Idempotente pelo TEXTO NOVO. Fecha a Carteira Geral para nivelamento, calibragem, teto, media, reposicao, assumir por caso/aluno/atendimento, receptivo, fidelizacao e os gatilhos do acordo; e fecha a entrada de casos novos para quem a gestao desligou. fila_receptivo_heartbeat e a UNICA que chama public.operador_pode_receber_caso em vez de internal. -- ela e SECURITY INVOKER (ver a nota da 1/4). Tambem cria public.carteira_geral_vigia() e poe search_path public+internal em 8 funcoes. CONFERIDO EM 26/09, fragmento por fragmento do texto novo: 16 fragmentos presentes na contagem exata, inclusive os 2 de nivelar_medias_progressivo e os 2 de sistema_assumir_receptivo. md5 dos statements em producao e2fe786d29f2548c93e62a85f329c544 = este arquivo do ledger sem o newline final (17.304 bytes com ele), conferido em 26/09. NAO ha arquivo de rollback para esta versao: a reversao do pacote e por reconstrucao -- ver a nota de 20260925180638 e a Fase de reversao do roteiro.
